Code;URL
S76020243.1000;
S76021481.0050;
S76021510.0250;
S51005061V;
S76028270.1000;
S76050917.0500;
S72012852.0250;
S76021046.0050;
S51005812;
S80012673.1000;
S51006560;
P3183904;
S76050074.1000;
C078601;
C800038-1000;http://app.ecoonline.com/ecosuite/applic/shoplink/shoplink.php?msdsCid=1014950&viewForm=pdf&msdsLang=7&msdsEr=800038&searchResult=true
C800250-0200;http://app.ecoonline.com/ecosuite/applic/shoplink/shoplink.php?msdsCid=1014950&viewForm=pdf&msdsLang=7&msdsEr=800250&searchResult=true
C800308-0050;http://app.ecoonline.com/ecosuite/applic/shoplink/shoplink.php?msdsCid=1014950&viewForm=pdf&msdsLang=7&msdsEr=800308&searchResult=true
C801350-0500;http://app.ecoonline.com/ecosuite/applic/shoplink/shoplink.php?msdsCid=1014950&viewForm=pdf&msdsLang=7&msdsEr=801350&searchResult=true
C801500-0100;http://app.ecoonline.com/ecosuite/applic/shoplink/shoplink.php?msdsCid=1014950&viewForm=pdf&msdsLang=7&msdsEr=801500&searchResult=true
C801600-0100;http://app.ecoonline.com/ecosuite/applic/shoplink/shoplink.php?msdsCid=1014950&viewForm=pdf&msdsLang=7&msdsEr=801500&searchResult=true
C801800-0250;http://app.ecoonline.com/ecosuite/applic/shoplink/shoplink.php?msdsCid=1014950&viewForm=pdf&msdsLang=7&msdsEr=801800&searchResult=true
C802300-0250;http://app.ecoonline.com/ecosuite/applic/shoplink/shoplink.php?msdsCid=1014950&viewForm=pdf&msdsLang=7&msdsEr=802300&searchResult=true
C803000-1000;http://app.ecoonline.com/ecosuite/applic/shoplink/shoplink.php?msdsCid=1014950&viewForm=pdf&msdsLang=7&msdsEr=803000&searchResult=true
C803000-5000;http://app.ecoonline.com/ecosuite/applic/shoplink/shoplink.php?msdsCid=1014950&viewForm=pdf&msdsLang=7&msdsEr=803000&searchResult=true
C803110-1000;http://app.ecoonline.com/ecosuite/applic/shoplink/shoplink.php?msdsCid=1014950&viewForm=pdf&msdsLang=7&msdsEr=803110&searchResult=true
C803110-2500;http://app.ecoonline.com/ecosuite/applic/shoplink/shoplink.php?msdsCid=1014950&viewForm=pdf&msdsLang=7&msdsEr=803110&searchResult=true
C803110-5000;http://app.ecoonline.com/ecosuite/applic/shoplink/shoplink.php?msdsCid=1014950&viewForm=pdf&msdsLang=7&msdsEr=803110&searchResult=true
C803120-0100;http://app.ecoonline.com/ecosuite/applic/shoplink/shoplink.php?msdsCid=1014950&viewForm=pdf&msdsLang=7&msdsEr=803120&searchResult=true
C803120-0250;http://app.ecoonline.com/ecosuite/applic/shoplink/shoplink.php?msdsCid=1014950&viewForm=pdf&msdsLang=7&msdsEr=803120&searchResult=true
C803120-1000;http://app.ecoonline.com/ecosuite/applic/shoplink/shoplink.php?msdsCid=1014950&viewForm=pdf&msdsLang=7&msdsEr=803120&searchResult=true
C803120-2500;http://app.ecoonline.com/ecosuite/applic/shoplink/shoplink.php?msdsCid=1014950&viewForm=pdf&msdsLang=7&msdsEr=803120&searchResult=true
C803120-5000;http://app.ecoonline.com/ecosuite/applic/shoplink/shoplink.php?msdsCid=1014950&viewForm=pdf&msdsLang=7&msdsEr=803120&searchResult=true
C803450-0500;http://app.ecoonline.com/ecosuite/applic/shoplink/shoplink.php?msdsCid=1014950&viewForm=pdf&msdsLang=7&msdsEr=803450&searchResult=true
C803600-0250;http://app.ecoonline.com/ecosuite/applic/shoplink/shoplink.php?msdsCid=1014950&viewForm=pdf&msdsLang=7&msdsEr=803600&searchResult=true
C803600-1000;http://app.ecoonline.com/ecosuite/applic/shoplink/shoplink.php?msdsCid=1014950&viewForm=pdf&msdsLang=7&msdsEr=803600&searchResult=true
C803600-2500;http://app.ecoonline.com/ecosuite/applic/shoplink/shoplink.php?msdsCid=1014950&viewForm=pdf&msdsLang=7&msdsEr=803600&searchResult=true
C803900-0250;http://app.ecoonline.com/ecosuite/applic/shoplink/shoplink.php?msdsCid=1014950&viewForm=pdf&msdsLang=7&msdsEr=803900&searchResult=true
C804300-0500;http://app.ecoonline.com/ecosuite/applic/shoplink/shoplink.php?msdsCid=1014950&viewForm=pdf&msdsLang=7&msdsEr=804300&searchResult=true
C804400-0200;http://app.ecoonline.com/ecosuite/applic/shoplink/shoplink.php?msdsCid=1014950&viewForm=pdf&msdsLang=7&msdsEr=804400&searchResult=true
C804600-0100;http://app.ecoonline.com/ecosuite/applic/shoplink/shoplink.php?msdsCid=1014950&viewForm=pdf&msdsLang=7&msdsEr=804600&searchResult=true
C804700-0250;http://app.ecoonline.com/ecosuite/applic/shoplink/shoplink.php?msdsCid=1014950&viewForm=pdf&msdsLang=7&msdsEr=804700&searchResult=true
C805100-0250;http://app.ecoonline.com/ecosuite/applic/shoplink/shoplink.php?msdsCid=1014950&viewForm=pdf&msdsLang=7&msdsEr=805100&searchResult=true
C805100-1000;http://app.ecoonline.com/ecosuite/applic/shoplink/shoplink.php?msdsCid=1014950&viewForm=pdf&msdsLang=7&msdsEr=805100&searchResult=true
C805600-0250;http://app.ecoonline.com/ecosuite/applic/shoplink/shoplink.php?msdsCid=1014950&viewForm=pdf&msdsLang=7&msdsEr=805600&searchResult=true
C805600-0500;http://app.ecoonline.com/ecosuite/applic/shoplink/shoplink.php?msdsCid=1014950&viewForm=pdf&msdsLang=7&msdsEr=805600&searchResult=true
C806888;
C806900-0100;http://app.ecoonline.com/ecosuite/applic/shoplink/shoplink.php?msdsCid=1014950&viewForm=pdf&msdsLang=7&msdsEr=806900&searchResult=true
C807350-0100;http://app.ecoonline.com/ecosuite/applic/shoplink/shoplink.php?msdsCid=1014950&viewForm=pdf&msdsLang=7&msdsEr=807350&searchResult=true
C807350-1000;http://app.ecoonline.com/ecosuite/applic/shoplink/shoplink.php?msdsCid=1014950&viewForm=pdf&msdsLang=7&msdsEr=807350&searchResult=true
C807600-0250;http://app.ecoonline.com/ecosuite/applic/shoplink/shoplink.php?msdsCid=1014950&viewForm=pdf&msdsLang=7&msdsEr=807600&searchResult=true
C807800-0200;http://app.ecoonline.com/ecosuite/applic/shoplink/shoplink.php?msdsCid=1014950&viewForm=pdf&msdsLang=7&msdsEr=807800&searchResult=true
C808000-0200;http://app.ecoonline.com/ecosuite/applic/shoplink/shoplink.php?msdsCid=1014950&viewForm=pdf&msdsLang=7&msdsEr=808000&searchResult=true
C808000-1000;http://app.ecoonline.com/ecosuite/applic/shoplink/shoplink.php?msdsCid=1014950&viewForm=pdf&msdsLang=7&msdsEr=808000&searchResult=true
C810840-1000;http://app.ecoonline.com/ecosuite/applic/shoplink/shoplink.php?msdsCid=1014950&viewForm=pdf&msdsLang=7&msdsEr=810840&searchResult=true
C811100-0500;http://app.ecoonline.com/ecosuite/applic/shoplink/shoplink.php?msdsCid=1014950&viewForm=pdf&msdsLang=7&msdsEr=811100&searchResult=true
C811800-1000;http://app.ecoonline.com/ecosuite/applic/shoplink/shoplink.php?msdsCid=1014950&viewForm=pdf&msdsLang=7&msdsEr=811800&searchResult=true
C811850-0500;
C812008-1000;http://app.ecoonline.com/ecosuite/applic/shoplink/shoplink.php?msdsCid=1014950&viewForm=pdf&msdsLang=7&msdsEr=812008&searchResult=true
C813200-0050;http://app.ecoonline.com/ecosuite/applic/shoplink/shoplink.php?msdsCid=1014950&viewForm=pdf&msdsLang=7&msdsEr=813200&searchResult=true
C813200-0100;http://app.ecoonline.com/ecosuite/applic/shoplink/shoplink.php?msdsCid=1014950&viewForm=pdf&msdsLang=7&msdsEr=813200&searchResult=true
C813300-0500;http://app.ecoonline.com/ecosuite/applic/shoplink/shoplink.php?msdsCid=1014950&viewForm=pdf&msdsLang=7&msdsEr=813300&searchResult=true
C813500-0100;http://app.ecoonline.com/ecosuite/applic/shoplink/shoplink.php?msdsCid=1014950&viewForm=pdf&msdsLang=7&msdsEr=813500&searchResult=true
C813500-0250;http://app.ecoonline.com/ecosuite/applic/shoplink/shoplink.php?msdsCid=1014950&viewForm=pdf&msdsLang=7&msdsEr=813500&searchResult=true
C813500-1000;http://app.ecoonline.com/ecosuite/applic/shoplink/shoplink.php?msdsCid=1014950&viewForm=pdf&msdsLang=7&msdsEr=813500&searchResult=true
C813700-1000;http://app.ecoonline.com/ecosuite/applic/shoplink/shoplink.php?msdsCid=1014950&viewForm=pdf&msdsLang=7&msdsEr=813700&searchResult=true
C813800-0250;http://app.ecoonline.com/ecosuite/applic/shoplink/shoplink.php?msdsCid=1014950&viewForm=pdf&msdsLang=7&msdsEr=813800&searchResult=true
C813800-0500;http://app.ecoonline.com/ecosuite/applic/shoplink/shoplink.php?msdsCid=1014950&viewForm=pdf&msdsLang=7&msdsEr=813800&searchResult=true
C813800-1000;http://app.ecoonline.com/ecosuite/applic/shoplink/shoplink.php?msdsCid=1014950&viewForm=pdf&msdsLang=7&msdsEr=813800&searchResult=true
C813800-2500;http://app.ecoonline.com/ecosuite/applic/shoplink/shoplink.php?msdsCid=1014950&viewForm=pdf&msdsLang=7&msdsEr=813800&searchResult=true
C814100-0500;http://app.ecoonline.com/ecosuite/applic/shoplink/shoplink.php?msdsCid=1014950&viewForm=pdf&msdsLang=7&msdsEr=814100&searchResult=true
C814100-2500;http://app.ecoonline.com/ecosuite/applic/shoplink/shoplink.php?msdsCid=1014950&viewForm=pdf&msdsLang=7&msdsEr=814100&searchResult=true
C814200-0500;http://app.ecoonline.com/ecosuite/applic/shoplink/shoplink.php?msdsCid=1014950&viewForm=pdf&msdsLang=7&msdsEr=814200&searchResult=true
C814400-0250;http://app.ecoonline.com/ecosuite/applic/shoplink/shoplink.php?msdsCid=1014950&viewForm=pdf&msdsLang=7&msdsEr=814400&searchResult=true
C814500-0250;http://app.ecoonline.com/ecosuite/applic/shoplink/shoplink.php?msdsCid=1014950&viewForm=pdf&msdsLang=7&msdsEr=814500&searchResult=true
C814500-1000;http://app.ecoonline.com/ecosuite/applic/shoplink/shoplink.php?msdsCid=1014950&viewForm=pdf&msdsLang=7&msdsEr=814500&searchResult=true
C814600-0500;http://app.ecoonline.com/ecosuite/applic/shoplink/shoplink.php?msdsCid=1014950&viewForm=pdf&msdsLang=7&msdsEr=814600&searchResult=true
C814800-0250;http://app.ecoonline.com/ecosuite/applic/shoplink/shoplink.php?msdsCid=1014950&viewForm=pdf&msdsLang=7&msdsEr=814800&searchResult=true
C814800-1000;http://app.ecoonline.com/ecosuite/applic/shoplink/shoplink.php?msdsCid=1014950&viewForm=pdf&msdsLang=7&msdsEr=814800&searchResult=true
C814900-0250;http://app.ecoonline.com/ecosuite/applic/shoplink/shoplink.php?msdsCid=1014950&viewForm=pdf&msdsLang=7&msdsEr=814900&searchResult=true
C815100-0100;http://app.ecoonline.com/ecosuite/applic/shoplink/shoplink.php?msdsCid=1014950&viewForm=pdf&msdsLang=7&msdsEr=815100&searchResult=true
C815100-1000;http://app.ecoonline.com/ecosuite/applic/shoplink/shoplink.php?msdsCid=1014950&viewForm=pdf&msdsLang=7&msdsEr=815100&searchResult=true
C815200-2500;http://app.ecoonline.com/ecosuite/applic/shoplink/shoplink.php?msdsCid=1014950&viewForm=pdf&msdsLang=7&msdsEr=815200&searchResult=true
C816300-0050;http://app.ecoonline.com/ecosuite/applic/shoplink/shoplink.php?msdsCid=1014950&viewForm=pdf&msdsLang=7&msdsEr=816300&searchResult=true
C818900-0250;http://app.ecoonline.com/ecosuite/applic/shoplink/shoplink.php?msdsCid=1014950&viewForm=pdf&msdsLang=7&msdsEr=818900&searchResult=true
C818900-1000;http://app.ecoonline.com/ecosuite/applic/shoplink/shoplink.php?msdsCid=1014950&viewForm=pdf&msdsLang=7&msdsEr=818900&searchResult=true
C818910-1000;http://app.ecoonline.com/ecosuite/applic/shoplink/shoplink.php?msdsCid=1014950&viewForm=pdf&msdsLang=7&msdsEr=818910&searchResult=true
C818910-5000;http://app.ecoonline.com/ecosuite/applic/shoplink/shoplink.php?msdsCid=1014950&viewForm=pdf&msdsLang=7&msdsEr=818910&searchResult=true
C819500-1000;http://app.ecoonline.com/ecosuite/applic/shoplink/shoplink.php?msdsCid=1014950&viewForm=pdf&msdsLang=7&msdsEr=819500&searchResult=true
C819600-0500;http://app.ecoonline.com/ecosuite/applic/shoplink/shoplink.php?msdsCid=1014950&viewForm=pdf&msdsLang=7&msdsEr=819600&searchResult=true
C819708-0500;http://app.ecoonline.com/ecosuite/applic/shoplink/shoplink.php?msdsCid=1014950&viewForm=pdf&msdsLang=7&msdsEr=819708&searchResult=true
C820600-0100;http://app.ecoonline.com/ecosuite/applic/shoplink/shoplink.php?msdsCid=1014950&viewForm=pdf&msdsLang=7&msdsEr=820600&searchResult=true
C820760-0100;http://app.ecoonline.com/ecosuite/applic/shoplink/shoplink.php?msdsCid=1014950&viewForm=pdf&msdsLang=7&msdsEr=820760&searchResult=true
C820760-1000;http://app.ecoonline.com/ecosuite/applic/shoplink/shoplink.php?msdsCid=1014950&viewForm=pdf&msdsLang=7&msdsEr=820760&searchResult=true
C821508-0025;http://app.ecoonline.com/ecosuite/applic/shoplink/shoplink.php?msdsCid=1014950&viewForm=pdf&msdsLang=7&msdsEr=821508&searchResult=true
C821515-0100;http://app.ecoonline.com/ecosuite/applic/shoplink/shoplink.php?msdsCid=1014950&viewForm=pdf&msdsLang=7&msdsEr=821515&searchResult=true
C825300-1000;http://app.ecoonline.com/ecosuite/applic/shoplink/shoplink.php?msdsCid=1014950&viewForm=pdf&msdsLang=7&msdsEr=825300&searchResult=true
C825410-0250;http://app.ecoonline.com/ecosuite/applic/shoplink/shoplink.php?msdsCid=1014950&viewForm=pdf&msdsLang=7&msdsEr=825410&searchResult=true
C825410-1000;http://app.ecoonline.com/ecosuite/applic/shoplink/shoplink.php?msdsCid=1014950&viewForm=pdf&msdsLang=7&msdsEr=825410&searchResult=true
C825410-5000;http://app.ecoonline.com/ecosuite/applic/shoplink/shoplink.php?msdsCid=1014950&viewForm=pdf&msdsLang=7&msdsEr=825410&searchResult=true
C825440-1000;http://app.ecoonline.com/ecosuite/applic/shoplink/shoplink.php?msdsCid=1014950&viewForm=pdf&msdsLang=7&msdsEr=825440&searchResult=true
C825440-5000;http://app.ecoonline.com/ecosuite/applic/shoplink/shoplink.php?msdsCid=1014950&viewForm=pdf&msdsLang=7&msdsEr=825440&searchResult=true
C826808-1000;http://app.ecoonline.com/ecosuite/applic/shoplink/shoplink.php?msdsCid=1014950&viewForm=pdf&msdsLang=7&msdsEr=826808&searchResult=true
C827000-1000;http://app.ecoonline.com/ecosuite/applic/shoplink/shoplink.php?msdsCid=1014950&viewForm=pdf&msdsLang=7&msdsEr=827000&searchResult=true
C827100-1000;http://app.ecoonline.com/ecosuite/applic/shoplink/shoplink.php?msdsCid=1014950&viewForm=pdf&msdsLang=7&msdsEr=827100&searchResult=true
C827200-0200;http://app.ecoonline.com/ecosuite/applic/shoplink/shoplink.php?msdsCid=1014950&viewForm=pdf&msdsLang=7&msdsEr=827200&searchResult=true
C827200-1000;http://app.ecoonline.com/ecosuite/applic/shoplink/shoplink.php?msdsCid=1014950&viewForm=pdf&msdsLang=7&msdsEr=827200&searchResult=true
C827350-0100;http://app.ecoonline.com/ecosuite/applic/shoplink/shoplink.php?msdsCid=1014950&viewForm=pdf&msdsLang=7&msdsEr=827350&searchResult=true
C829608-0025;http://app.ecoonline.com/ecosuite/applic/shoplink/shoplink.php?msdsCid=1014950&viewForm=pdf&msdsLang=7&msdsEr=829608&searchResult=true
C829700-1000;http://app.ecoonline.com/ecosuite/applic/shoplink/shoplink.php?msdsCid=1014950&viewForm=pdf&msdsLang=7&msdsEr=829700&searchResult=true
C829702-1000;http://app.ecoonline.com/ecosuite/applic/shoplink/shoplink.php?msdsCid=1014950&viewForm=pdf&msdsLang=7&msdsEr=829702&searchResult=true
C829900-0200;http://app.ecoonline.com/ecosuite/applic/shoplink/shoplink.php?msdsCid=1014950&viewForm=pdf&msdsLang=7&msdsEr=829900&searchResult=true
C832100-0100;http://app.ecoonline.com/ecosuite/applic/shoplink/shoplink.php?msdsCid=1014950&viewForm=pdf&msdsLang=7&msdsEr=832100&searchResult=true
C832100-1000;http://app.ecoonline.com/ecosuite/applic/shoplink/shoplink.php?msdsCid=1014950&viewForm=pdf&msdsLang=7&msdsEr=832100&searchResult=true
C832500-0500;http://app.ecoonline.com/ecosuite/applic/shoplink/shoplink.php?msdsCid=1014950&viewForm=pdf&msdsLang=7&msdsEr=832500&searchResult=true
C832500-2500;http://app.ecoonline.com/ecosuite/applic/shoplink/shoplink.php?msdsCid=1014950&viewForm=pdf&msdsLang=7&msdsEr=832500&searchResult=true
C834050-1000;http://app.ecoonline.com/ecosuite/applic/shoplink/shoplink.php?msdsCid=1014950&viewForm=pdf&msdsLang=7&msdsEr=834050&searchResult=true
C834055-1000;http://app.ecoonline.com/ecosuite/applic/shoplink/shoplink.php?msdsCid=1014950&viewForm=pdf&msdsLang=7&msdsEr=834055&searchResult=true
C834850-0100;http://app.ecoonline.com/ecosuite/applic/shoplink/shoplink.php?msdsCid=1014950&viewForm=pdf&msdsLang=7&msdsEr=834850&searchResult=true
C834850-0500;http://app.ecoonline.com/ecosuite/applic/shoplink/shoplink.php?msdsCid=1014950&viewForm=pdf&msdsLang=7&msdsEr=834850&searchResult=true
C835000-1000;http://app.ecoonline.com/ecosuite/applic/shoplink/shoplink.php?msdsCid=1014950&viewForm=pdf&msdsLang=7&msdsEr=835000&searchResult=true
C835100-1000;http://app.ecoonline.com/ecosuite/applic/shoplink/shoplink.php?msdsCid=1014950&viewForm=pdf&msdsLang=7&msdsEr=835100&searchResult=true
C835300-0500;http://app.ecoonline.com/ecosuite/applic/shoplink/shoplink.php?msdsCid=1014950&viewForm=pdf&msdsLang=7&msdsEr=835300&searchResult=true
C835300-1000;http://app.ecoonline.com/ecosuite/applic/shoplink/shoplink.php?msdsCid=1014950&viewForm=pdf&msdsLang=7&msdsEr=835300&searchResult=true
C835300-5000;http://app.ecoonline.com/ecosuite/applic/shoplink/shoplink.php?msdsCid=1014950&viewForm=pdf&msdsLang=7&msdsEr=835300&searchResult=true
C839608-0005;http://app.ecoonline.com/ecosuite/applic/shoplink/shoplink.php?msdsCid=1014950&viewForm=pdf&msdsLang=7&msdsEr=839608&searchResult=true
C839650-0100;http://app.ecoonline.com/ecosuite/applic/shoplink/shoplink.php?msdsCid=1014950&viewForm=pdf&msdsLang=7&msdsEr=839650&searchResult=true
C839701-0005;http://app.ecoonline.com/ecosuite/applic/shoplink/shoplink.php?msdsCid=1014950&viewForm=pdf&msdsLang=7&msdsEr=839701&searchResult=true
C839750-0050;http://app.ecoonline.com/ecosuite/applic/shoplink/shoplink.php?msdsCid=1014950&viewForm=pdf&msdsLang=7&msdsEr=839750&searchResult=true
C839750-0100;http://app.ecoonline.com/ecosuite/applic/shoplink/shoplink.php?msdsCid=1014950&viewForm=pdf&msdsLang=7&msdsEr=839750&searchResult=true
C839750-1000;http://app.ecoonline.com/ecosuite/applic/shoplink/shoplink.php?msdsCid=1014950&viewForm=pdf&msdsLang=7&msdsEr=839750&searchResult=true
C839800-0100;http://app.ecoonline.com/ecosuite/applic/shoplink/shoplink.php?msdsCid=1014950&viewForm=pdf&msdsLang=7&msdsEr=839800&searchResult=true
C839800-1000;http://app.ecoonline.com/ecosuite/applic/shoplink/shoplink.php?msdsCid=1014950&viewForm=pdf&msdsLang=7&msdsEr=839800&searchResult=true
C840020-0025;http://app.ecoonline.com/ecosuite/applic/shoplink/shoplink.php?msdsCid=1014950&viewForm=pdf&msdsLang=7&msdsEr=840020&searchResult=true
C840350-0100;http://app.ecoonline.com/ecosuite/applic/shoplink/shoplink.php?msdsCid=1014950&viewForm=pdf&msdsLang=7&msdsEr=840350&searchResult=true
C840501-0005;http://app.ecoonline.com/ecosuite/applic/shoplink/shoplink.php?msdsCid=1014950&viewForm=pdf&msdsLang=7&msdsEr=840501&searchResult=true
C840550-0100;http://app.ecoonline.com/ecosuite/applic/shoplink/shoplink.php?msdsCid=1014950&viewForm=pdf&msdsLang=7&msdsEr=840550&searchResult=true
C840550-1000;http://app.ecoonline.com/ecosuite/applic/shoplink/shoplink.php?msdsCid=1014950&viewForm=pdf&msdsLang=7&msdsEr=840550&searchResult=true
C840802-0025;http://app.ecoonline.com/ecosuite/applic/shoplink/shoplink.php?msdsCid=1014950&viewForm=pdf&msdsLang=7&msdsEr=840802&searchResult=true
C840840-0100;http://app.ecoonline.com/ecosuite/applic/shoplink/shoplink.php?msdsCid=1014950&viewForm=pdf&msdsLang=7&msdsEr=840840&searchResult=true
C840840-1000;http://app.ecoonline.com/ecosuite/applic/shoplink/shoplink.php?msdsCid=1014950&viewForm=pdf&msdsLang=7&msdsEr=840840&searchResult=true
C841001-0005;
C841150-0100;http://app.ecoonline.com/ecosuite/applic/shoplink/shoplink.php?msdsCid=1014950&viewForm=pdf&msdsLang=7&msdsEr=841150&searchResult=true
C841150-1000;http://app.ecoonline.com/ecosuite/applic/shoplink/shoplink.php?msdsCid=1014950&viewForm=pdf&msdsLang=7&msdsEr=841150&searchResult=true
C841350-0100;http://app.ecoonline.com/ecosuite/applic/shoplink/shoplink.php?msdsCid=1014950&viewForm=pdf&msdsLang=7&msdsEr=841350&searchResult=true
C841500-0100;http://app.ecoonline.com/ecosuite/applic/shoplink/shoplink.php?msdsCid=1014950&viewForm=pdf&msdsLang=7&msdsEr=841500&searchResult=true
C841600-0050;http://app.ecoonline.com/ecosuite/applic/shoplink/shoplink.php?msdsCid=1014950&viewForm=pdf&msdsLang=7&msdsEr=841600&searchResult=true
C841600-0100;http://app.ecoonline.com/ecosuite/applic/shoplink/shoplink.php?msdsCid=1014950&viewForm=pdf&msdsLang=7&msdsEr=841600&searchResult=true
C841600-0500;http://app.ecoonline.com/ecosuite/applic/shoplink/shoplink.php?msdsCid=1014950&viewForm=pdf&msdsLang=7&msdsEr=841600&searchResult=true
C841700-0200;http://app.ecoonline.com/ecosuite/applic/shoplink/shoplink.php?msdsCid=1014950&viewForm=pdf&msdsLang=7&msdsEr=841700&searchResult=true
C841908-1000;
C842000-1000;http://app.ecoonline.com/ecosuite/applic/shoplink/shoplink.php?msdsCid=1014950&viewForm=pdf&msdsLang=7&msdsEr=842000&searchResult=true
C845300-0100;http://app.ecoonline.com/ecosuite/applic/shoplink/shoplink.php?msdsCid=1014950&viewForm=pdf&msdsLang=7&msdsEr=845300&searchResult=true
C845400-0250;http://app.ecoonline.com/ecosuite/applic/shoplink/shoplink.php?msdsCid=1014950&viewForm=pdf&msdsLang=7&msdsEr=845400&searchResult=true
C845400-1000;http://app.ecoonline.com/ecosuite/applic/shoplink/shoplink.php?msdsCid=1014950&viewForm=pdf&msdsLang=7&msdsEr=845400&searchResult=true
C845500-0100;http://app.ecoonline.com/ecosuite/applic/shoplink/shoplink.php?msdsCid=1014950&viewForm=pdf&msdsLang=7&msdsEr=845500&searchResult=true
C845500-0250;http://app.ecoonline.com/ecosuite/applic/shoplink/shoplink.php?msdsCid=1014950&viewForm=pdf&msdsLang=7&msdsEr=845500&searchResult=true
C845606-1000;http://app.ecoonline.com/ecosuite/applic/shoplink/shoplink.php?msdsCid=1014950&viewForm=pdf&msdsLang=7&msdsEr=845606&searchResult=true
C845708-0250;http://app.ecoonline.com/ecosuite/applic/shoplink/shoplink.php?msdsCid=1014950&viewForm=pdf&msdsLang=7&msdsEr=845708&searchResult=true
C846000-0250;http://app.ecoonline.com/ecosuite/applic/shoplink/shoplink.php?msdsCid=1014950&viewForm=pdf&msdsLang=7&msdsEr=846000&searchResult=true
C846000-0500;http://app.ecoonline.com/ecosuite/applic/shoplink/shoplink.php?msdsCid=1014950&viewForm=pdf&msdsLang=7&msdsEr=846000&searchResult=true
C846400-0250;http://app.ecoonline.com/ecosuite/applic/shoplink/shoplink.php?msdsCid=1014950&viewForm=pdf&msdsLang=7&msdsEr=846400&searchResult=true
C846400-1000;http://app.ecoonline.com/ecosuite/applic/shoplink/shoplink.php?msdsCid=1014950&viewForm=pdf&msdsLang=7&msdsEr=846400&searchResult=true
C847000-0500;http://app.ecoonline.com/ecosuite/applic/shoplink/shoplink.php?msdsCid=1014950&viewForm=pdf&msdsLang=7&msdsEr=847000&searchResult=true
C847200-0500;http://app.ecoonline.com/ecosuite/applic/shoplink/shoplink.php?msdsCid=1014950&viewForm=pdf&msdsLang=7&msdsEr=847200&searchResult=true
C847310-0100;http://app.ecoonline.com/ecosuite/applic/shoplink/shoplink.php?msdsCid=1014950&viewForm=pdf&msdsLang=7&msdsEr=847310&searchResult=true
C847310-1000;http://app.ecoonline.com/ecosuite/applic/shoplink/shoplink.php?msdsCid=1014950&viewForm=pdf&msdsLang=7&msdsEr=847310&searchResult=true
C847400-0250;http://app.ecoonline.com/ecosuite/applic/shoplink/shoplink.php?msdsCid=1014950&viewForm=pdf&msdsLang=7&msdsEr=847400&searchResult=true
C848100-0250;http://app.ecoonline.com/ecosuite/applic/shoplink/shoplink.php?msdsCid=1014950&viewForm=pdf&msdsLang=7&msdsEr=848100&searchResult=true
C848100-0500;http://app.ecoonline.com/ecosuite/applic/shoplink/shoplink.php?msdsCid=1014950&viewForm=pdf&msdsLang=7&msdsEr=848100&searchResult=true
C848100-1000;http://app.ecoonline.com/ecosuite/applic/shoplink/shoplink.php?msdsCid=1014950&viewForm=pdf&msdsLang=7&msdsEr=848100&searchResult=true
C848208-0250;
C848300-0100;http://app.ecoonline.com/ecosuite/applic/shoplink/shoplink.php?msdsCid=1014950&viewForm=pdf&msdsLang=7&msdsEr=848300&searchResult=true
C848350-1000;http://app.ecoonline.com/ecosuite/applic/shoplink/shoplink.php?msdsCid=1014950&viewForm=pdf&msdsLang=7&msdsEr=848350&searchResult=true
C848500-1000;http://app.ecoonline.com/ecosuite/applic/shoplink/shoplink.php?msdsCid=1014950&viewForm=pdf&msdsLang=7&msdsEr=848500&searchResult=true
C848700-0250;http://app.ecoonline.com/ecosuite/applic/shoplink/shoplink.php?msdsCid=1014950&viewForm=pdf&msdsLang=7&msdsEr=848700&searchResult=true
C848700-0500;http://app.ecoonline.com/ecosuite/applic/shoplink/shoplink.php?msdsCid=1014950&viewForm=pdf&msdsLang=7&msdsEr=848700&searchResult=true
C848810-0200;http://app.ecoonline.com/ecosuite/applic/shoplink/shoplink.php?msdsCid=1014950&viewForm=pdf&msdsLang=7&msdsEr=848810&searchResult=true
C848810-1000;http://app.ecoonline.com/ecosuite/applic/shoplink/shoplink.php?msdsCid=1014950&viewForm=pdf&msdsLang=7&msdsEr=848810&searchResult=true
C848840-0500;http://app.ecoonline.com/ecosuite/applic/shoplink/shoplink.php?msdsCid=1014950&viewForm=pdf&msdsLang=7&msdsEr=848840&searchResult=true
C849100-0250;http://app.ecoonline.com/ecosuite/applic/shoplink/shoplink.php?msdsCid=1014950&viewForm=pdf&msdsLang=7&msdsEr=849100&searchResult=true
C849100-0500;http://app.ecoonline.com/ecosuite/applic/shoplink/shoplink.php?msdsCid=1014950&viewForm=pdf&msdsLang=7&msdsEr=849100&searchResult=true
C849700-0100;http://app.ecoonline.com/ecosuite/applic/shoplink/shoplink.php?msdsCid=1014950&viewForm=pdf&msdsLang=7&msdsEr=849700&searchResult=true
C849700-0250;http://app.ecoonline.com/ecosuite/applic/shoplink/shoplink.php?msdsCid=1014950&viewForm=pdf&msdsLang=7&msdsEr=849700&searchResult=true
C849800-0100;http://app.ecoonline.com/ecosuite/applic/shoplink/shoplink.php?msdsCid=1014950&viewForm=pdf&msdsLang=7&msdsEr=849800&searchResult=true
C849800-0500;http://app.ecoonline.com/ecosuite/applic/shoplink/shoplink.php?msdsCid=1014950&viewForm=pdf&msdsLang=7&msdsEr=849800&searchResult=true
C850408-0100;http://app.ecoonline.com/ecosuite/applic/shoplink/shoplink.php?msdsCid=1014950&viewForm=pdf&msdsLang=7&msdsEr=850408&searchResult=true
C850600-0500;http://app.ecoonline.com/ecosuite/applic/shoplink/shoplink.php?msdsCid=1014950&viewForm=pdf&msdsLang=7&msdsEr=850600&searchResult=true
C850810-1000;http://app.ecoonline.com/ecosuite/applic/shoplink/shoplink.php?msdsCid=1014950&viewForm=pdf&msdsLang=7&msdsEr=850810&searchResult=true
C850820-1000;http://app.ecoonline.com/ecosuite/applic/shoplink/shoplink.php?msdsCid=1014950&viewForm=pdf&msdsLang=7&msdsEr=850820&searchResult=true
C851000-0100;http://app.ecoonline.com/ecosuite/applic/shoplink/shoplink.php?msdsCid=1014950&viewForm=pdf&msdsLang=7&msdsEr=851000&searchResult=true
C851100-0100;http://app.ecoonline.com/ecosuite/applic/shoplink/shoplink.php?msdsCid=1014950&viewForm=pdf&msdsLang=7&msdsEr=851100&searchResult=true
C851100-0500;http://app.ecoonline.com/ecosuite/applic/shoplink/shoplink.php?msdsCid=1014950&viewForm=pdf&msdsLang=7&msdsEr=851100&searchResult=true
C851150-1000;http://app.ecoonline.com/ecosuite/applic/shoplink/shoplink.php?msdsCid=1014950&viewForm=pdf&msdsLang=7&msdsEr=851150&searchResult=true
C851400-0250;http://app.ecoonline.com/ecosuite/applic/shoplink/shoplink.php?msdsCid=1014950&viewForm=pdf&msdsLang=7&msdsEr=851400&searchResult=true
C851400-1000;http://app.ecoonline.com/ecosuite/applic/shoplink/shoplink.php?msdsCid=1014950&viewForm=pdf&msdsLang=7&msdsEr=851400&searchResult=true
C851400-5000;http://app.ecoonline.com/ecosuite/applic/shoplink/shoplink.php?msdsCid=1014950&viewForm=pdf&msdsLang=7&msdsEr=851400&searchResult=true
C851500-0500;http://app.ecoonline.com/ecosuite/applic/shoplink/shoplink.php?msdsCid=1014950&viewForm=pdf&msdsLang=7&msdsEr=851500&searchResult=true
C851500-1000;http://app.ecoonline.com/ecosuite/applic/shoplink/shoplink.php?msdsCid=1014950&viewForm=pdf&msdsLang=7&msdsEr=851500&searchResult=true
C851620-1000;http://app.ecoonline.com/ecosuite/applic/shoplink/shoplink.php?msdsCid=1014950&viewForm=pdf&msdsLang=7&msdsEr=851620&searchResult=true
C851900-0250;http://app.ecoonline.com/ecosuite/applic/shoplink/shoplink.php?msdsCid=1014950&viewForm=pdf&msdsLang=7&msdsEr=851900&searchResult=true
C852200-1000;http://app.ecoonline.com/ecosuite/applic/shoplink/shoplink.php?msdsCid=1014950&viewForm=pdf&msdsLang=7&msdsEr=852200&searchResult=true
C852200-2500;http://app.ecoonline.com/ecosuite/applic/shoplink/shoplink.php?msdsCid=1014950&viewForm=pdf&msdsLang=7&msdsEr=852200&searchResult=true
C852200-5000;http://app.ecoonline.com/ecosuite/applic/shoplink/shoplink.php?msdsCid=1014950&viewForm=pdf&msdsLang=7&msdsEr=852200&searchResult=true
C853000-0250;http://app.ecoonline.com/ecosuite/applic/shoplink/shoplink.php?msdsCid=1014950&viewForm=pdf&msdsLang=7&msdsEr=853000&searchResult=true
C853100-0250;http://app.ecoonline.com/ecosuite/applic/shoplink/shoplink.php?msdsCid=1014950&viewForm=pdf&msdsLang=7&msdsEr=853100&searchResult=true
C853200-0100;http://app.ecoonline.com/ecosuite/applic/shoplink/shoplink.php?msdsCid=1014950&viewForm=pdf&msdsLang=7&msdsEr=853200&searchResult=true
C853300-0250;http://app.ecoonline.com/ecosuite/applic/shoplink/shoplink.php?msdsCid=1014950&viewForm=pdf&msdsLang=7&msdsEr=853300&searchResult=true
C853408-0250;http://app.ecoonline.com/ecosuite/applic/shoplink/shoplink.php?msdsCid=1014950&viewForm=pdf&msdsLang=7&msdsEr=853408&searchResult=true
C853500-0100;http://app.ecoonline.com/ecosuite/applic/shoplink/shoplink.php?msdsCid=1014950&viewForm=pdf&msdsLang=7&msdsEr=853500&searchResult=true
C853500-0500;http://app.ecoonline.com/ecosuite/applic/shoplink/shoplink.php?msdsCid=1014950&viewForm=pdf&msdsLang=7&msdsEr=853500&searchResult=true
C853600-0250;http://app.ecoonline.com/ecosuite/applic/shoplink/shoplink.php?msdsCid=1014950&viewForm=pdf&msdsLang=7&msdsEr=853600&searchResult=true
C854000-0100;http://app.ecoonline.com/ecosuite/applic/shoplink/shoplink.php?msdsCid=1014950&viewForm=pdf&msdsLang=7&msdsEr=854000&searchResult=true
C854000-0250;http://app.ecoonline.com/ecosuite/applic/shoplink/shoplink.php?msdsCid=1014950&viewForm=pdf&msdsLang=7&msdsEr=854000&searchResult=true
C854100-1000;http://app.ecoonline.com/ecosuite/applic/shoplink/shoplink.php?msdsCid=1014950&viewForm=pdf&msdsLang=7&msdsEr=854100&searchResult=true
C854200-0100;
C854200-0500;http://app.ecoonline.com/ecosuite/applic/shoplink/shoplink.php?msdsCid=1014950&viewForm=pdf&msdsLang=7&msdsEr=854200&searchResult=true
C854300-0100;http://app.ecoonline.com/ecosuite/applic/shoplink/shoplink.php?msdsCid=1014950&viewForm=pdf&msdsLang=7&msdsEr=854300&searchResult=true
C854300-0500;http://app.ecoonline.com/ecosuite/applic/shoplink/shoplink.php?msdsCid=1014950&viewForm=pdf&msdsLang=7&msdsEr=854300&searchResult=true
C854500-1000;http://app.ecoonline.com/ecosuite/applic/shoplink/shoplink.php?msdsCid=1014950&viewForm=pdf&msdsLang=7&msdsEr=854500&searchResult=true
C854500-2500;http://app.ecoonline.com/ecosuite/applic/shoplink/shoplink.php?msdsCid=1014950&viewForm=pdf&msdsLang=7&msdsEr=854500&searchResult=true
C854500-5000;http://app.ecoonline.com/ecosuite/applic/shoplink/shoplink.php?msdsCid=1014950&viewForm=pdf&msdsLang=7&msdsEr=854500&searchResult=true
C854510-1000;http://app.ecoonline.com/ecosuite/applic/shoplink/shoplink.php?msdsCid=1014950&viewForm=pdf&msdsLang=7&msdsEr=854510&searchResult=true
C854510-2500;http://app.ecoonline.com/ecosuite/applic/shoplink/shoplink.php?msdsCid=1014950&viewForm=pdf&msdsLang=7&msdsEr=854510&searchResult=true
C854600-0250;http://app.ecoonline.com/ecosuite/applic/shoplink/shoplink.php?msdsCid=1014950&viewForm=pdf&msdsLang=7&msdsEr=854600&searchResult=true
C854700-0200;http://app.ecoonline.com/ecosuite/applic/shoplink/shoplink.php?msdsCid=1014950&viewForm=pdf&msdsLang=7&msdsEr=854700&searchResult=true
C854700-1000;http://app.ecoonline.com/ecosuite/applic/shoplink/shoplink.php?msdsCid=1014950&viewForm=pdf&msdsLang=7&msdsEr=854700&searchResult=true
C854701-1000;http://app.ecoonline.com/ecosuite/applic/shoplink/shoplink.php?msdsCid=1014950&viewForm=pdf&msdsLang=7&msdsEr=854701&searchResult=true
C854710-0200;http://app.ecoonline.com/ecosuite/applic/shoplink/shoplink.php?msdsCid=1014950&viewForm=pdf&msdsLang=7&msdsEr=854710&searchResult=true
C854710-1000;http://app.ecoonline.com/ecosuite/applic/shoplink/shoplink.php?msdsCid=1014950&viewForm=pdf&msdsLang=7&msdsEr=854710&searchResult=true
C855400-0200;http://app.ecoonline.com/ecosuite/applic/shoplink/shoplink.php?msdsCid=1014950&viewForm=pdf&msdsLang=7&msdsEr=855400&searchResult=true
C855450-0200;http://app.ecoonline.com/ecosuite/applic/shoplink/shoplink.php?msdsCid=1014950&viewForm=pdf&msdsLang=7&msdsEr=855450&searchResult=true
C857000-0250;http://app.ecoonline.com/ecosuite/applic/shoplink/shoplink.php?msdsCid=1014950&viewForm=pdf&msdsLang=7&msdsEr=857000&searchResult=true
C859000-0100;http://app.ecoonline.com/ecosuite/applic/shoplink/shoplink.php?msdsCid=1014950&viewForm=pdf&msdsLang=7&msdsEr=859000&searchResult=true
C859000-0250;http://app.ecoonline.com/ecosuite/applic/shoplink/shoplink.php?msdsCid=1014950&viewForm=pdf&msdsLang=7&msdsEr=859000&searchResult=true
C859701-0005;
C860101-0025;http://app.ecoonline.com/ecosuite/applic/shoplink/shoplink.php?msdsCid=1014950&viewForm=pdf&msdsLang=7&msdsEr=860101&searchResult=true
C860400-0200;http://app.ecoonline.com/ecosuite/applic/shoplink/shoplink.php?msdsCid=1014950&viewForm=pdf&msdsLang=7&msdsEr=860400&searchResult=true
C860400-1000;http://app.ecoonline.com/ecosuite/applic/shoplink/shoplink.php?msdsCid=1014950&viewForm=pdf&msdsLang=7&msdsEr=860400&searchResult=true
C860600-0100;http://app.ecoonline.com/ecosuite/applic/shoplink/shoplink.php?msdsCid=1014950&viewForm=pdf&msdsLang=7&msdsEr=860600&searchResult=true
C860600-0500;http://app.ecoonline.com/ecosuite/applic/shoplink/shoplink.php?msdsCid=1014950&viewForm=pdf&msdsLang=7&msdsEr=860600&searchResult=true
C860900-0500;http://app.ecoonline.com/ecosuite/applic/shoplink/shoplink.php?msdsCid=1014950&viewForm=pdf&msdsLang=7&msdsEr=860900&searchResult=true
C860900-2500;http://app.ecoonline.com/ecosuite/applic/shoplink/shoplink.php?msdsCid=1014950&viewForm=pdf&msdsLang=7&msdsEr=860900&searchResult=true
C861000-0500;http://app.ecoonline.com/ecosuite/applic/shoplink/shoplink.php?msdsCid=1014950&viewForm=pdf&msdsLang=7&msdsEr=861000&searchResult=true
C861600-0250;http://app.ecoonline.com/ecosuite/applic/shoplink/shoplink.php?msdsCid=1014950&viewForm=pdf&msdsLang=7&msdsEr=861600&searchResult=true
C861600-0500;http://app.ecoonline.com/ecosuite/applic/shoplink/shoplink.php?msdsCid=1014950&viewForm=pdf&msdsLang=7&msdsEr=861600&searchResult=true
C862200-1000;http://app.ecoonline.com/ecosuite/applic/shoplink/shoplink.php?msdsCid=1014950&viewForm=pdf&msdsLang=7&msdsEr=862200&searchResult=true
C862230-0500;http://app.ecoonline.com/ecosuite/applic/shoplink/shoplink.php?msdsCid=1014950&viewForm=pdf&msdsLang=7&msdsEr=862200&searchResult=true
C862608-0025;
C862700-0100;http://app.ecoonline.com/ecosuite/applic/shoplink/shoplink.php?msdsCid=1014950&viewForm=pdf&msdsLang=7&msdsEr=862700&searchResult=true
C862700-1000;http://app.ecoonline.com/ecosuite/applic/shoplink/shoplink.php?msdsCid=1014950&viewForm=pdf&msdsLang=7&msdsEr=862700&searchResult=true
C862800-0050;http://app.ecoonline.com/ecosuite/applic/shoplink/shoplink.php?msdsCid=1014950&viewForm=pdf&msdsLang=7&msdsEr=862800&searchResult=true
C862800-1000;http://app.ecoonline.com/ecosuite/applic/shoplink/shoplink.php?msdsCid=1014950&viewForm=pdf&msdsLang=7&msdsEr=862800&searchResult=true
C866600-1000;http://app.ecoonline.com/ecosuite/applic/shoplink/shoplink.php?msdsCid=1014950&viewForm=pdf&msdsLang=7&msdsEr=866600&searchResult=true
C866700-1000;http://app.ecoonline.com/ecosuite/applic/shoplink/shoplink.php?msdsCid=1014950&viewForm=pdf&msdsLang=7&msdsEr=866700&searchResult=true
C883000-1000;http://app.ecoonline.com/ecosuite/applic/shoplink/shoplink.php?msdsCid=1014950&viewForm=pdf&msdsLang=7&msdsEr=883000&searchResult=true
C883110-1000;http://app.ecoonline.com/ecosuite/applic/shoplink/shoplink.php?msdsCid=1014950&viewForm=pdf&msdsLang=7&msdsEr=883110&searchResult=true
C885500-1000;http://app.ecoonline.com/ecosuite/applic/shoplink/shoplink.php?msdsCid=1014950&viewForm=pdf&msdsLang=7&msdsEr=885500&searchResult=true
C802000-0100;http://app.ecoonline.com/ecosuite/applic/shoplink/shoplink.php?msdsCid=1014950&viewForm=pdf&msdsLang=7&msdsEr=802000&searchResult=true
C805858-0500;http://app.ecoonline.com/ecosuite/applic/shoplink/shoplink.php?msdsCid=1014950&viewForm=pdf&msdsLang=7&msdsEr=805858&searchResult=true
C808300-1000;http://app.ecoonline.com/ecosuite/applic/shoplink/shoplink.php?msdsCid=1014950&viewForm=pdf&msdsLang=7&msdsEr=808300&searchResult=true
C826258-0025;
C826608-0025;
C827400-1000;http://app.ecoonline.com/ecosuite/applic/shoplink/shoplink.php?msdsCid=1014950&viewForm=pdf&msdsLang=7&msdsEr=827400&searchResult=true
C834558-1000;http://app.ecoonline.com/ecosuite/applic/shoplink/shoplink.php?msdsCid=1014950&viewForm=pdf&msdsLang=7&msdsEr=834558&searchResult=true
C860800-0100;http://app.ecoonline.com/ecosuite/applic/shoplink/shoplink.php?msdsCid=1014950&viewForm=pdf&msdsLang=7&msdsEr=860800&searchResult=true
C861100-0100;http://app.ecoonline.com/ecosuite/applic/shoplink/shoplink.php?msdsCid=1014950&viewForm=pdf&msdsLang=7&msdsEr=861100&searchResult=true
C863508-1000;http://app.ecoonline.com/ecosuite/applic/shoplink/shoplink.php?msdsCid=1014950&viewForm=pdf&msdsLang=7&msdsEr=863508&searchResult=true
C864200-1000;http://app.ecoonline.com/ecosuite/applic/shoplink/shoplink.php?msdsCid=1014950&viewForm=pdf&msdsLang=7&msdsEr=864200&searchResult=true
C865700-0500;http://app.ecoonline.com/ecosuite/applic/shoplink/shoplink.php?msdsCid=1014950&viewForm=pdf&msdsLang=7&msdsEr=865700&searchResult=true
C865700-1000;http://app.ecoonline.com/ecosuite/applic/shoplink/shoplink.php?msdsCid=1014950&viewForm=pdf&msdsLang=7&msdsEr=865700&searchResult=true
C865800-0500;http://app.ecoonline.com/ecosuite/applic/shoplink/shoplink.php?msdsCid=1014950&viewForm=pdf&msdsLang=7&msdsEr=865800&searchResult=true
C866000-0100;http://app.ecoonline.com/ecosuite/applic/shoplink/shoplink.php?msdsCid=1014950&viewForm=pdf&msdsLang=7&msdsEr=866000&searchResult=true
C866100-0250;http://app.ecoonline.com/ecosuite/applic/shoplink/shoplink.php?msdsCid=1014950&viewForm=pdf&msdsLang=7&msdsEr=866100&searchResult=true
C866100-1000;http://app.ecoonline.com/ecosuite/applic/shoplink/shoplink.php?msdsCid=1014950&viewForm=pdf&msdsLang=7&msdsEr=866100&searchResult=true
C866300-0500;http://app.ecoonline.com/ecosuite/applic/shoplink/shoplink.php?msdsCid=1014950&viewForm=pdf&msdsLang=7&msdsEr=866300&searchResult=true
C866500-0200;http://app.ecoonline.com/ecosuite/applic/shoplink/shoplink.php?msdsCid=1014950&viewForm=pdf&msdsLang=7&msdsEr=866500&searchResult=true
C866500-1000;http://app.ecoonline.com/ecosuite/applic/shoplink/shoplink.php?msdsCid=1014950&viewForm=pdf&msdsLang=7&msdsEr=866500&searchResult=true
C866700-0250;http://app.ecoonline.com/ecosuite/applic/shoplink/shoplink.php?msdsCid=1014950&viewForm=pdf&msdsLang=7&msdsEr=866700&searchResult=true
C866700-5000;http://app.ecoonline.com/ecosuite/applic/shoplink/shoplink.php?msdsCid=1014950&viewForm=pdf&msdsLang=7&msdsEr=866700&searchResult=true
C866800-1000;http://app.ecoonline.com/ecosuite/applic/shoplink/shoplink.php?msdsCid=1014950&viewForm=pdf&msdsLang=7&msdsEr=866800&searchResult=true
C866800-2500;http://app.ecoonline.com/ecosuite/applic/shoplink/shoplink.php?msdsCid=1014950&viewForm=pdf&msdsLang=7&msdsEr=866800&searchResult=true
C866900-0500;http://app.ecoonline.com/ecosuite/applic/shoplink/shoplink.php?msdsCid=1014950&viewForm=pdf&msdsLang=7&msdsEr=866900&searchResult=true
C867100-0500;http://app.ecoonline.com/ecosuite/applic/shoplink/shoplink.php?msdsCid=1014950&viewForm=pdf&msdsLang=7&msdsEr=867100&searchResult=true
C867500-0200;http://app.ecoonline.com/ecosuite/applic/shoplink/shoplink.php?msdsCid=1014950&viewForm=pdf&msdsLang=7&msdsEr=867500&searchResult=true
C867600-0250;http://app.ecoonline.com/ecosuite/applic/shoplink/shoplink.php?msdsCid=1014950&viewForm=pdf&msdsLang=7&msdsEr=867600&searchResult=true
C867800-0250;http://app.ecoonline.com/ecosuite/applic/shoplink/shoplink.php?msdsCid=1014950&viewForm=pdf&msdsLang=7&msdsEr=867800&searchResult=true
C867800-1000;http://app.ecoonline.com/ecosuite/applic/shoplink/shoplink.php?msdsCid=1014950&viewForm=pdf&msdsLang=7&msdsEr=867800&searchResult=true
C867800-5000;http://app.ecoonline.com/ecosuite/applic/shoplink/shoplink.php?msdsCid=1014950&viewForm=pdf&msdsLang=7&msdsEr=867800&searchResult=true
C868000-0500;http://app.ecoonline.com/ecosuite/applic/shoplink/shoplink.php?msdsCid=1014950&viewForm=pdf&msdsLang=7&msdsEr=868000&searchResult=true
C868000-1000;http://app.ecoonline.com/ecosuite/applic/shoplink/shoplink.php?msdsCid=1014950&viewForm=pdf&msdsLang=7&msdsEr=868000&searchResult=true
C868300-0250;http://app.ecoonline.com/ecosuite/applic/shoplink/shoplink.php?msdsCid=1014950&viewForm=pdf&msdsLang=7&msdsEr=868300&searchResult=true
C868300-1000;http://app.ecoonline.com/ecosuite/applic/shoplink/shoplink.php?msdsCid=1014950&viewForm=pdf&msdsLang=7&msdsEr=868300&searchResult=true
C868310-1000;http://app.ecoonline.com/ecosuite/applic/shoplink/shoplink.php?msdsCid=1014950&viewForm=pdf&msdsLang=7&msdsEr=868310&searchResult=true
C868400-0500;http://app.ecoonline.com/ecosuite/applic/shoplink/shoplink.php?msdsCid=1014950&viewForm=pdf&msdsLang=7&msdsEr=868400&searchResult=true
C868400-1000;http://app.ecoonline.com/ecosuite/applic/shoplink/shoplink.php?msdsCid=1014950&viewForm=pdf&msdsLang=7&msdsEr=868400&searchResult=true
C868500-1000;http://app.ecoonline.com/ecosuite/applic/shoplink/shoplink.php?msdsCid=1014950&viewForm=pdf&msdsLang=7&msdsEr=868500&searchResult=true
C868510-1000;http://app.ecoonline.com/ecosuite/applic/shoplink/shoplink.php?msdsCid=1014950&viewForm=pdf&msdsLang=7&msdsEr=868510&searchResult=true
C868510-5000;http://app.ecoonline.com/ecosuite/applic/shoplink/shoplink.php?msdsCid=1014950&viewForm=pdf&msdsLang=7&msdsEr=868510&searchResult=true
C868610-0250;http://app.ecoonline.com/ecosuite/applic/shoplink/shoplink.php?msdsCid=1014950&viewForm=pdf&msdsLang=7&msdsEr=868610&searchResult=true
C868610-1000;http://app.ecoonline.com/ecosuite/applic/shoplink/shoplink.php?msdsCid=1014950&viewForm=pdf&msdsLang=7&msdsEr=868610&searchResult=true
C868610-2500;http://app.ecoonline.com/ecosuite/applic/shoplink/shoplink.php?msdsCid=1014950&viewForm=pdf&msdsLang=7&msdsEr=868610&searchResult=true
C868610-5000;http://app.ecoonline.com/ecosuite/applic/shoplink/shoplink.php?msdsCid=1014950&viewForm=pdf&msdsLang=7&msdsEr=868610&searchResult=true
C868620-0250;http://app.ecoonline.com/ecosuite/applic/shoplink/shoplink.php?msdsCid=1014950&viewForm=pdf&msdsLang=7&msdsEr=868620&searchResult=true
C868620-1000;http://app.ecoonline.com/ecosuite/applic/shoplink/shoplink.php?msdsCid=1014950&viewForm=pdf&msdsLang=7&msdsEr=868620&searchResult=true
C868640-1000;http://app.ecoonline.com/ecosuite/applic/shoplink/shoplink.php?msdsCid=1014950&viewForm=pdf&msdsLang=7&msdsEr=868640&searchResult=true
C868708-1000;
C868900-0100;http://app.ecoonline.com/ecosuite/applic/shoplink/shoplink.php?msdsCid=1014950&viewForm=pdf&msdsLang=7&msdsEr=868900&searchResult=true
C869010-0500;http://app.ecoonline.com/ecosuite/applic/shoplink/shoplink.php?msdsCid=1014950&viewForm=pdf&msdsLang=7&msdsEr=869010&searchResult=true
C869100-0250;http://app.ecoonline.com/ecosuite/applic/shoplink/shoplink.php?msdsCid=1014950&viewForm=pdf&msdsLang=7&msdsEr=869100&searchResult=true
C869100-0500;http://app.ecoonline.com/ecosuite/applic/shoplink/shoplink.php?msdsCid=1014950&viewForm=pdf&msdsLang=7&msdsEr=869100&searchResult=true
C869100-1000;http://app.ecoonline.com/ecosuite/applic/shoplink/shoplink.php?msdsCid=1014950&viewForm=pdf&msdsLang=7&msdsEr=869100&searchResult=true
C869350-0100;http://app.ecoonline.com/ecosuite/applic/shoplink/shoplink.php?msdsCid=1014950&viewForm=pdf&msdsLang=7&msdsEr=869350&searchResult=true
C869360-1000;http://app.ecoonline.com/ecosuite/applic/shoplink/shoplink.php?msdsCid=1014950&viewForm=pdf&msdsLang=7&msdsEr=869360&searchResult=true
C869470-0250;http://app.ecoonline.com/ecosuite/applic/shoplink/shoplink.php?msdsCid=1014950&viewForm=pdf&msdsLang=7&msdsEr=869470&searchResult=true
C869500-0250;http://app.ecoonline.com/ecosuite/applic/shoplink/shoplink.php?msdsCid=1014950&viewForm=pdf&msdsLang=7&msdsEr=869500&searchResult=true
C869700-0250;http://app.ecoonline.com/ecosuite/applic/shoplink/shoplink.php?msdsCid=1014950&viewForm=pdf&msdsLang=7&msdsEr=869700&searchResult=true
C869700-1000;http://app.ecoonline.com/ecosuite/applic/shoplink/shoplink.php?msdsCid=1014950&viewForm=pdf&msdsLang=7&msdsEr=869700&searchResult=true
C870100-1000;http://app.ecoonline.com/ecosuite/applic/shoplink/shoplink.php?msdsCid=1014950&viewForm=pdf&msdsLang=7&msdsEr=870100&searchResult=true
C870300-0500;http://app.ecoonline.com/ecosuite/applic/shoplink/shoplink.php?msdsCid=1014950&viewForm=pdf&msdsLang=7&msdsEr=870300&searchResult=true
C870400-0250;http://app.ecoonline.com/ecosuite/applic/shoplink/shoplink.php?msdsCid=1014950&viewForm=pdf&msdsLang=7&msdsEr=870400&searchResult=true
C870400-1000;http://app.ecoonline.com/ecosuite/applic/shoplink/shoplink.php?msdsCid=1014950&viewForm=pdf&msdsLang=7&msdsEr=870400&searchResult=true
C870508-1000;http://app.ecoonline.com/ecosuite/applic/shoplink/shoplink.php?msdsCid=1014950&viewForm=pdf&msdsLang=7&msdsEr=870508&searchResult=true
C870700-0250;http://app.ecoonline.com/ecosuite/applic/shoplink/shoplink.php?msdsCid=1014950&viewForm=pdf&msdsLang=7&msdsEr=870700&searchResult=true
C871100-0500;http://app.ecoonline.com/ecosuite/applic/shoplink/shoplink.php?msdsCid=1014950&viewForm=pdf&msdsLang=7&msdsEr=871100&searchResult=true
C871100-1000;http://app.ecoonline.com/ecosuite/applic/shoplink/shoplink.php?msdsCid=1014950&viewForm=pdf&msdsLang=7&msdsEr=871100&searchResult=true
C871100-2500;http://app.ecoonline.com/ecosuite/applic/shoplink/shoplink.php?msdsCid=1014950&viewForm=pdf&msdsLang=7&msdsEr=871100&searchResult=true
C872500-0025;http://app.ecoonline.com/ecosuite/applic/shoplink/shoplink.php?msdsCid=1014950&viewForm=pdf&msdsLang=7&msdsEr=872500&searchResult=true
C872600-0200;http://app.ecoonline.com/ecosuite/applic/shoplink/shoplink.php?msdsCid=1014950&viewForm=pdf&msdsLang=7&msdsEr=872600&searchResult=true
C872708-0050;http://app.ecoonline.com/ecosuite/applic/shoplink/shoplink.php?msdsCid=1014950&viewForm=pdf&msdsLang=7&msdsEr=872708&searchResult=true
C872800-0100;http://app.ecoonline.com/ecosuite/applic/shoplink/shoplink.php?msdsCid=1014950&viewForm=pdf&msdsLang=7&msdsEr=872800&searchResult=true
C872800-0500;http://app.ecoonline.com/ecosuite/applic/shoplink/shoplink.php?msdsCid=1014950&viewForm=pdf&msdsLang=7&msdsEr=872800&searchResult=true
C874200-0500;http://app.ecoonline.com/ecosuite/applic/shoplink/shoplink.php?msdsCid=1014950&viewForm=pdf&msdsLang=7&msdsEr=874200&searchResult=true
C874500-0500;http://app.ecoonline.com/ecosuite/applic/shoplink/shoplink.php?msdsCid=1014950&viewForm=pdf&msdsLang=7&msdsEr=874500&searchResult=true
C874700-1000;http://app.ecoonline.com/ecosuite/applic/shoplink/shoplink.php?msdsCid=1014950&viewForm=pdf&msdsLang=7&msdsEr=874700&searchResult=true
C874710-0250;http://app.ecoonline.com/ecosuite/applic/shoplink/shoplink.php?msdsCid=1014950&viewForm=pdf&msdsLang=7&msdsEr=874710&searchResult=true
C874710-1000;http://app.ecoonline.com/ecosuite/applic/shoplink/shoplink.php?msdsCid=1014950&viewForm=pdf&msdsLang=7&msdsEr=874710&searchResult=true
C874710-2500;http://app.ecoonline.com/ecosuite/applic/shoplink/shoplink.php?msdsCid=1014950&viewForm=pdf&msdsLang=7&msdsEr=874710&searchResult=true
C876400-0250;http://app.ecoonline.com/ecosuite/applic/shoplink/shoplink.php?msdsCid=1014950&viewForm=pdf&msdsLang=7&msdsEr=876400&searchResult=true
C876400-1000;http://app.ecoonline.com/ecosuite/applic/shoplink/shoplink.php?msdsCid=1014950&viewForm=pdf&msdsLang=7&msdsEr=876400&searchResult=true
C876500-0500;http://app.ecoonline.com/ecosuite/applic/shoplink/shoplink.php?msdsCid=1014950&viewForm=pdf&msdsLang=7&msdsEr=876500&searchResult=true
C876500-1000;http://app.ecoonline.com/ecosuite/applic/shoplink/shoplink.php?msdsCid=1014950&viewForm=pdf&msdsLang=7&msdsEr=876500&searchResult=true
C877208-1000;http://app.ecoonline.com/ecosuite/applic/shoplink/shoplink.php?msdsCid=1014950&viewForm=pdf&msdsLang=7&msdsEr=877208&searchResult=true
C877300-0200;http://app.ecoonline.com/ecosuite/applic/shoplink/shoplink.php?msdsCid=1014950&viewForm=pdf&msdsLang=7&msdsEr=877300&searchResult=true
C877300-1000;http://app.ecoonline.com/ecosuite/applic/shoplink/shoplink.php?msdsCid=1014950&viewForm=pdf&msdsLang=7&msdsEr=877300&searchResult=true
C878108-0100;http://app.ecoonline.com/ecosuite/applic/shoplink/shoplink.php?msdsCid=1014950&viewForm=pdf&msdsLang=7&msdsEr=878108&searchResult=true
C878500-0100;http://app.ecoonline.com/ecosuite/applic/shoplink/shoplink.php?msdsCid=1014950&viewForm=pdf&msdsLang=7&msdsEr=878500&searchResult=true
C878500-0500;http://app.ecoonline.com/ecosuite/applic/shoplink/shoplink.php?msdsCid=1014950&viewForm=pdf&msdsLang=7&msdsEr=878500&searchResult=true
C879000-1000;http://app.ecoonline.com/ecosuite/applic/shoplink/shoplink.php?msdsCid=1014950&viewForm=pdf&msdsLang=7&msdsEr=879000&searchResult=true
C879110-1000;http://app.ecoonline.com/ecosuite/applic/shoplink/shoplink.php?msdsCid=1014950&viewForm=pdf&msdsLang=7&msdsEr=879110&searchResult=true
C880000-1000;http://app.ecoonline.com/ecosuite/applic/shoplink/shoplink.php?msdsCid=1014950&viewForm=pdf&msdsLang=7&msdsEr=880000&searchResult=true
C880300-0200;http://app.ecoonline.com/ecosuite/applic/shoplink/shoplink.php?msdsCid=1014950&viewForm=pdf&msdsLang=7&msdsEr=880300&searchResult=true
C880300-0500;http://app.ecoonline.com/ecosuite/applic/shoplink/shoplink.php?msdsCid=1014950&viewForm=pdf&msdsLang=7&msdsEr=880300&searchResult=true
C880400-0500;http://app.ecoonline.com/ecosuite/applic/shoplink/shoplink.php?msdsCid=1014950&viewForm=pdf&msdsLang=7&msdsEr=880400&searchResult=true
C880400-1000;http://app.ecoonline.com/ecosuite/applic/shoplink/shoplink.php?msdsCid=1014950&viewForm=pdf&msdsLang=7&msdsEr=880400&searchResult=true
C880541-1000;
C880571-1000;
C880591-1000;
C880599-1000;
C882600-0500;http://app.ecoonline.com/ecosuite/applic/shoplink/shoplink.php?msdsCid=1014950&viewForm=pdf&msdsLang=7&msdsEr=882600&searchResult=true
C882800-0250;http://app.ecoonline.com/ecosuite/applic/shoplink/shoplink.php?msdsCid=1014950&viewForm=pdf&msdsLang=7&msdsEr=882800&searchResult=true
C882800-1000;http://app.ecoonline.com/ecosuite/applic/shoplink/shoplink.php?msdsCid=1014950&viewForm=pdf&msdsLang=7&msdsEr=882800&searchResult=true
C882910-0250;http://app.ecoonline.com/ecosuite/applic/shoplink/shoplink.php?msdsCid=1014950&viewForm=pdf&msdsLang=7&msdsEr=882910&searchResult=true
C882910-1000;http://app.ecoonline.com/ecosuite/applic/shoplink/shoplink.php?msdsCid=1014950&viewForm=pdf&msdsLang=7&msdsEr=882910&searchResult=true
C882910-2500;http://app.ecoonline.com/ecosuite/applic/shoplink/shoplink.php?msdsCid=1014950&viewForm=pdf&msdsLang=7&msdsEr=882910&searchResult=true
C882940-1000;http://app.ecoonline.com/ecosuite/applic/shoplink/shoplink.php?msdsCid=1014950&viewForm=pdf&msdsLang=7&msdsEr=882940&searchResult=true
C883000-0250;http://app.ecoonline.com/ecosuite/applic/shoplink/shoplink.php?msdsCid=1014950&viewForm=pdf&msdsLang=7&msdsEr=883000&searchResult=true
C883010-1000;http://app.ecoonline.com/ecosuite/applic/shoplink/shoplink.php?msdsCid=1014950&viewForm=pdf&msdsLang=7&msdsEr=883010&searchResult=true
C883010-2500;http://app.ecoonline.com/ecosuite/applic/shoplink/shoplink.php?msdsCid=1014950&viewForm=pdf&msdsLang=7&msdsEr=883010&searchResult=true
C883010-5000;http://app.ecoonline.com/ecosuite/applic/shoplink/shoplink.php?msdsCid=1014950&viewForm=pdf&msdsLang=7&msdsEr=883010&searchResult=true
C883110-0250;http://app.ecoonline.com/ecosuite/applic/shoplink/shoplink.php?msdsCid=1014950&viewForm=pdf&msdsLang=7&msdsEr=883110&searchResult=true
C883110-2500;http://app.ecoonline.com/ecosuite/applic/shoplink/shoplink.php?msdsCid=1014950&viewForm=pdf&msdsLang=7&msdsEr=883110&searchResult=true
C883110-5000;http://app.ecoonline.com/ecosuite/applic/shoplink/shoplink.php?msdsCid=1014950&viewForm=pdf&msdsLang=7&msdsEr=883110&searchResult=true
C883120-0250;http://app.ecoonline.com/ecosuite/applic/shoplink/shoplink.php?msdsCid=1014950&viewForm=pdf&msdsLang=7&msdsEr=883120&searchResult=true
C883120-1000;http://app.ecoonline.com/ecosuite/applic/shoplink/shoplink.php?msdsCid=1014950&viewForm=pdf&msdsLang=7&msdsEr=883120&searchResult=true
C883140-0250;http://app.ecoonline.com/ecosuite/applic/shoplink/shoplink.php?msdsCid=1014950&viewForm=pdf&msdsLang=7&msdsEr=883140&searchResult=true
C883140-1000;http://app.ecoonline.com/ecosuite/applic/shoplink/shoplink.php?msdsCid=1014950&viewForm=pdf&msdsLang=7&msdsEr=883140&searchResult=true
C883508-0100;http://app.ecoonline.com/ecosuite/applic/shoplink/shoplink.php?msdsCid=1014950&viewForm=pdf&msdsLang=7&msdsEr=883508&searchResult=true
C883518-0025;http://app.ecoonline.com/ecosuite/applic/shoplink/shoplink.php?msdsCid=1014950&viewForm=pdf&msdsLang=7&msdsEr=883518&searchResult=true
C883570-1000;
C883800-0250;http://app.ecoonline.com/ecosuite/applic/shoplink/shoplink.php?msdsCid=1014950&viewForm=pdf&msdsLang=7&msdsEr=883800&searchResult=true
C883850-0100;
C883900-0200;http://app.ecoonline.com/ecosuite/applic/shoplink/shoplink.php?msdsCid=1014950&viewForm=pdf&msdsLang=7&msdsEr=883900&searchResult=true
C884200-0250;http://app.ecoonline.com/ecosuite/applic/shoplink/shoplink.php?msdsCid=1014950&viewForm=pdf&msdsLang=7&msdsEr=884200&searchResult=true
C884200-0500;http://app.ecoonline.com/ecosuite/applic/shoplink/shoplink.php?msdsCid=1014950&viewForm=pdf&msdsLang=7&msdsEr=884200&searchResult=true
C884200-2500;http://app.ecoonline.com/ecosuite/applic/shoplink/shoplink.php?msdsCid=1014950&viewForm=pdf&msdsLang=7&msdsEr=884200&searchResult=true
C884400-0250;http://app.ecoonline.com/ecosuite/applic/shoplink/shoplink.php?msdsCid=1014950&viewForm=pdf&msdsLang=7&msdsEr=884400&searchResult=true
C884700-0200;http://app.ecoonline.com/ecosuite/applic/shoplink/shoplink.php?msdsCid=1014950&viewForm=pdf&msdsLang=7&msdsEr=884700&searchResult=true
C884700-1000;http://app.ecoonline.com/ecosuite/applic/shoplink/shoplink.php?msdsCid=1014950&viewForm=pdf&msdsLang=7&msdsEr=884700&searchResult=true
C885010-0050;http://app.ecoonline.com/ecosuite/applic/shoplink/shoplink.php?msdsCid=1014950&viewForm=pdf&msdsLang=7&msdsEr=885010&searchResult=true
C885010-0200;http://app.ecoonline.com/ecosuite/applic/shoplink/shoplink.php?msdsCid=1014950&viewForm=pdf&msdsLang=7&msdsEr=885010&searchResult=true
C885300-0250;http://app.ecoonline.com/ecosuite/applic/shoplink/shoplink.php?msdsCid=1014950&viewForm=pdf&msdsLang=7&msdsEr=885300&searchResult=true
C885300-1000;http://app.ecoonline.com/ecosuite/applic/shoplink/shoplink.php?msdsCid=1014950&viewForm=pdf&msdsLang=7&msdsEr=885300&searchResult=true
C885500-0250;http://app.ecoonline.com/ecosuite/applic/shoplink/shoplink.php?msdsCid=1014950&viewForm=pdf&msdsLang=7&msdsEr=885500&searchResult=true
C885610-0250;http://app.ecoonline.com/ecosuite/applic/shoplink/shoplink.php?msdsCid=1014950&viewForm=pdf&msdsLang=7&msdsEr=885610&searchResult=true
C885610-1000;http://app.ecoonline.com/ecosuite/applic/shoplink/shoplink.php?msdsCid=1014950&viewForm=pdf&msdsLang=7&msdsEr=885610&searchResult=true
C885620-0250;http://app.ecoonline.com/ecosuite/applic/shoplink/shoplink.php?msdsCid=1014950&viewForm=pdf&msdsLang=7&msdsEr=885620&searchResult=true
C885620-1000;http://app.ecoonline.com/ecosuite/applic/shoplink/shoplink.php?msdsCid=1014950&viewForm=pdf&msdsLang=7&msdsEr=885620&searchResult=true
C885640-1000;http://app.ecoonline.com/ecosuite/applic/shoplink/shoplink.php?msdsCid=1014950&viewForm=pdf&msdsLang=7&msdsEr=885640&searchResult=true
C886000-0100;http://app.ecoonline.com/ecosuite/applic/shoplink/shoplink.php?msdsCid=1014950&viewForm=pdf&msdsLang=7&msdsEr=886000&searchResult=true
C886001-0020;http://app.ecoonline.com/ecosuite/applic/shoplink/shoplink.php?msdsCid=1014950&viewForm=pdf&msdsLang=7&msdsEr=886001&searchResult=true
C886110-0100;http://app.ecoonline.com/ecosuite/applic/shoplink/shoplink.php?msdsCid=1014950&viewForm=pdf&msdsLang=7&msdsEr=886110&searchResult=true
C886110-0500;http://app.ecoonline.com/ecosuite/applic/shoplink/shoplink.php?msdsCid=1014950&viewForm=pdf&msdsLang=7&msdsEr=886110&searchResult=true
C886110-1000;http://app.ecoonline.com/ecosuite/applic/shoplink/shoplink.php?msdsCid=1014950&viewForm=pdf&msdsLang=7&msdsEr=886110&searchResult=true
C886110-2500;http://app.ecoonline.com/ecosuite/applic/shoplink/shoplink.php?msdsCid=1014950&viewForm=pdf&msdsLang=7&msdsEr=886110&searchResult=true
C886150-0200;http://app.ecoonline.com/ecosuite/applic/shoplink/shoplink.php?msdsCid=1014950&viewForm=pdf&msdsLang=7&msdsEr=886150&searchResult=true
C886150-0500;http://app.ecoonline.com/ecosuite/applic/shoplink/shoplink.php?msdsCid=1014950&viewForm=pdf&msdsLang=7&msdsEr=886150&searchResult=true
C886150-1000;http://app.ecoonline.com/ecosuite/applic/shoplink/shoplink.php?msdsCid=1014950&viewForm=pdf&msdsLang=7&msdsEr=886150&searchResult=true
C887000-1000;http://app.ecoonline.com/ecosuite/applic/shoplink/shoplink.php?msdsCid=1014950&viewForm=pdf&msdsLang=7&msdsEr=887000&searchResult=true
C887900-0100;http://app.ecoonline.com/ecosuite/applic/shoplink/shoplink.php?msdsCid=1014950&viewForm=pdf&msdsLang=7&msdsEr=887900&searchResult=true
C888000-0250;http://app.ecoonline.com/ecosuite/applic/shoplink/shoplink.php?msdsCid=1014950&viewForm=pdf&msdsLang=7&msdsEr=888000&searchResult=true
C888000-1000;http://app.ecoonline.com/ecosuite/applic/shoplink/shoplink.php?msdsCid=1014950&viewForm=pdf&msdsLang=7&msdsEr=888000&searchResult=true
C888100-0100;http://app.ecoonline.com/ecosuite/applic/shoplink/shoplink.php?msdsCid=1014950&viewForm=pdf&msdsLang=7&msdsEr=888100&searchResult=true
C888450-0250;http://app.ecoonline.com/ecosuite/applic/shoplink/shoplink.php?msdsCid=1014950&viewForm=pdf&msdsLang=7&msdsEr=888450&searchResult=true
C888600-1000;http://app.ecoonline.com/ecosuite/applic/shoplink/shoplink.php?msdsCid=1014950&viewForm=pdf&msdsLang=7&msdsEr=888600&searchResult=true
C888700-0200;http://app.ecoonline.com/ecosuite/applic/shoplink/shoplink.php?msdsCid=1014950&viewForm=pdf&msdsLang=7&msdsEr=888700&searchResult=true
C888700-0500;http://app.ecoonline.com/ecosuite/applic/shoplink/shoplink.php?msdsCid=1014950&viewForm=pdf&msdsLang=7&msdsEr=888700&searchResult=true
C889700-0500;http://app.ecoonline.com/ecosuite/applic/shoplink/shoplink.php?msdsCid=1014950&viewForm=pdf&msdsLang=7&msdsEr=889700&searchResult=true
C889700-1000;http://app.ecoonline.com/ecosuite/applic/shoplink/shoplink.php?msdsCid=1014950&viewForm=pdf&msdsLang=7&msdsEr=889700&searchResult=true
C891200-0200;http://app.ecoonline.com/ecosuite/applic/shoplink/shoplink.php?msdsCid=1014950&viewForm=pdf&msdsLang=7&msdsEr=891200&searchResult=true
C896200-0250;http://app.ecoonline.com/ecosuite/applic/shoplink/shoplink.php?msdsCid=1014950&viewForm=pdf&msdsLang=7&msdsEr=896200&searchResult=true
C896500-0250;http://app.ecoonline.com/ecosuite/applic/shoplink/shoplink.php?msdsCid=1014950&viewForm=pdf&msdsLang=7&msdsEr=896500&searchResult=true
C896600-0500;http://app.ecoonline.com/ecosuite/applic/shoplink/shoplink.php?msdsCid=1014950&viewForm=pdf&msdsLang=7&msdsEr=896600&searchResult=true
C897308-0500;http://app.ecoonline.com/ecosuite/applic/shoplink/shoplink.php?msdsCid=1014950&viewForm=pdf&msdsLang=7&msdsEr=897308&searchResult=true
C890300-5000;
C700500-0100;
C700502-0025;
